Order ID,Publisher Name,Website Name
ed8eb8b1-7546-11f1-acdf-0a580a82053d,Nume Prenume Ambasador 1,Diverzum RO
3f62237e-74b3-11f1-ab34-0a580a830395,Nume Prenume Ambasador 1,Diverzum RO
6f91489e-744a-11f1-ab34-0a580a830395,Nume Prenume Membru 1,Diverzum RO
da411cc5-73d3-11f1-9535-0a580a800cd0,Nume Prenume Membru 2,Diverzum RO
a1b2c3d4-73d3-11f1-9535-0a580a800cd1,Nume Prenume Membru 2,Diverzum RO
a1b2c3d4-73d3-11f1-9535-0a580a800cd2,Nume Prenume Membru 2,Diverzum RO
b1b2c3d4-73d3-11f1-9535-0a580a800cd3,Nume Prenume Membru 3,Diverzum RO
b1b2c3d4-73d3-11f1-9535-0a580a800cd4,Nume Prenume Membru 3,Diverzum RO
c1b2c3d4-73d3-11f1-9535-0a580a800cd5,Nume Prenume Ambasador 2,Diverzum RO
c1b2c3d4-73d3-11f1-9535-0a580a800cd6,Nume Prenume Ambasador 2,Diverzum RO
c1b2c3d4-73d3-11f1-9535-0a580a800cd7,Nume Prenume Ambasador 2,Diverzum RO
c1b2c3d4-73d3-11f1-9535-0a580a800cd8,Nume Prenume Ambasador 2,Diverzum RO
